{"count":1,"self":19268.011622399998,"total":78519.946213299991,"children":{"InitializeActuators":{"count":205776,"self":3.099189,"total":3.099189,"children":null},"InitializeSensors":{"count":205776,"self":4.2111468,"total":4.2111469,"children":null},"AgentSendState":{"count":968867,"self":314.95042559999996,"total":5680.7321796,"children":{"CollectObservations":{"count":105040017,"self":3309.816832,"total":3309.8167627,"children":null},"WriteActionMask":{"count":105040017,"self":75.3503616,"total":75.3503629,"children":null},"RequestDecision":{"count":105040017,"self":206.3484288,"total":1980.614636,"children":{"AgentInfo.ToProto":{"count":105040017,"self":179.7510016,"total":1774.2662017,"children":{"GenerateSensorData":{"count":105040017,"self":1594.5151488,"total":1594.5151968,"children":null}}}}}}},"DecideAction":{"count":968867,"self":52890.704281599996,"total":52890.7040968,"children":null},"AgentAct":{"count":968867,"self":663.53536,"total":663.5623452,"children":{"AgentInfo.ToProto":{"count":855,"self":0.0020001,"total":0.0269907,"children":{"GenerateSensorData":{"count":855,"self":0.024990599999999998,"total":0.024990599999999998,"children":null}}}}},"AgentInfo.ToProto":{"count":308786,"self":1.6341757,"total":9.6254508,"children":{"GenerateSensorData":{"count":308786,"self":7.9912752,"total":7.9912750999999993,"children":null}}}},"gauges":{"E2EAgent-Team.CumulativeReward":{"count":518,"max":50.47092,"min":-22.4235859,"runningAverage":12.03647,"value":6.91497469,"weightedAverage":8.402233},"FixedHierarchicalAgent-Team.CumulativeReward":{"count":103060,"max":34.58901,"min":-134.704544,"runningAverage":14.8913908,"value":18.7425117,"weightedAverage":20.1832733},"HierarchicalAgent-TeamDOE.CumulativeReward":{"count":497,"max":29.5122261,"min":-27.58142,"runningAverage":5.984954,"value":4.05987453,"weightedAverage":8.159525}},"metadata":{"timer_format_version":"0.1.0","start_time_seconds":"1645811173","unity_version":"2020.3.20f1","command_line_arguments":"C:\\Program Files\\Unity\\Hub\\Editor\\2020.3.20f1\\Editor\\Unity.exe -projectpath C:\\Users\\Rishabh Thakkar\\HierachicalKarting -useHub -hubIPC -cloudEnvironment production -licensingIpc LicenseClient-Rishabh Thakkar -hubSessionId d1a8b630-8e77-11ec-8f68-ab71005d5a7c -accessToken 9Tx95J5jn116Na8vxFaNs0Js_4Md1QEzPUj90n0_v7g012f","communication_protocol_version":"1.5.0","com.unity.ml-agents_version":"2.0.1","scene_name":"CombinedTeamAITraining","end_time_seconds":"1645889693"}}