{"count":1,"self":6350.3224832,"total":25115.212605,"children":{"InitializeActuators":{"count":104756,"self":1.5718336,"total":1.5718336,"children":null},"InitializeSensors":{"count":104756,"self":2.242774,"total":2.2427741,"children":null},"AgentSendState":{"count":789517,"self":91.6642048,"total":1649.788951,"children":{"CollectObservations":{"count":32415811,"self":933.59810559999994,"total":933.59815059999994,"children":null},"WriteActionMask":{"count":32415811,"self":20.54768,"total":20.5476799,"children":null},"RequestDecision":{"count":32415811,"self":57.452921599999996,"total":603.97891859999993,"children":{"AgentInfo.ToProto":{"count":32415811,"self":53.8242176,"total":546.525995,"children":{"GenerateSensorData":{"count":32415811,"self":492.7017984,"total":492.7017785,"children":null}}}}}}},"DecideAction":{"count":789517,"self":16893.398220799998,"total":16893.398840899998,"children":null},"AgentAct":{"count":789517,"self":214.48271359999998,"total":214.55867619999998,"children":{"AgentInfo.ToProto":{"count":2132,"self":0.0119942,"total":0.07596159999999999,"children":{"GenerateSensorData":{"count":2132,"self":0.0639674,"total":0.0639674,"children":null}}}}},"AgentInfo.ToProto":{"count":104769,"self":0.5780054,"total":3.3269184999999997,"children":{"GenerateSensorData":{"count":104769,"self":2.7489132,"total":2.7489130999999998,"children":null}}}},"gauges":{"E2EAgent-Team.CumulativeReward":{"count":2228,"max":54.15873,"min":-33.5687561,"runningAverage":15.5035677,"value":2.861914,"weightedAverage":7.437868}},"metadata":{"timer_format_version":"0.1.0","start_time_seconds":"1645462405","unity_version":"2020.3.20f1","command_line_arguments":"C:\\Program Files\\Unity\\Hub\\Editor\\2020.3.20f1\\Editor\\Unity.exe -projectpath C:\\Users\\Rishabh Thakkar\\HierachicalKarting -useHub -hubIPC -cloudEnvironment production -licensingIpc LicenseClient-Rishabh Thakkar -hubSessionId d1a8b630-8e77-11ec-8f68-ab71005d5a7c -accessToken 9Tx95J5jn116Na8vxFaNs0Js_4Md1QEzPUj90n0_v7g012f","communication_protocol_version":"1.5.0","com.unity.ml-agents_version":"2.0.1","scene_name":"CombinedTeamAITraining","end_time_seconds":"1645487520"}}