{"count":1,"self":11741.585407999999,"total":69038.6838976,"children":{"InitializeActuators":{"count":170685,"self":2.8257632,"total":2.8257631,"children":null},"InitializeSensors":{"count":170685,"self":3.9854787999999997,"total":3.9854789,"children":null},"AgentSendState":{"count":2541367,"self":169.60426239999998,"total":2734.3713709,"children":{"CollectObservations":{"count":56486525,"self":1566.748672,"total":1566.7486443,"children":null},"WriteActionMask":{"count":56486525,"self":35.0298464,"total":35.0298473,"children":null},"RequestDecision":{"count":56486525,"self":112.6273408,"total":962.98861819999991,"children":{"AgentInfo.ToProto":{"count":56486525,"self":96.253599999999992,"total":850.3612796,"children":{"GenerateSensorData":{"count":56486525,"self":754.1076992,"total":754.1076822,"children":null}}}}}}},"DecideAction":{"count":2541367,"self":54238.5504256,"total":54238.5491127,"children":null},"AgentAct":{"count":2541367,"self":311.62695679999996,"total":311.626956,"children":null},"AgentInfo.ToProto":{"count":171523,"self":0.8959235,"total":5.7387364,"children":{"GenerateSensorData":{"count":171523,"self":4.8428128,"total":4.8428129,"children":null}}}},"gauges":{"E2EAgent-LSTM.CumulativeReward":{"count":587,"max":2210.23853,"min":-9048.893,"runningAverage":686.9128,"value":-2216.32324,"weightedAverage":-2528.733},"HierarchicalAgent-LSTM.CumulativeReward":{"count":269,"max":2089.441,"min":-8274.723,"runningAverage":561.859558,"value":-376.375946,"weightedAverage":-2265.44971},"E2EAgent-NonLSTM.CumulativeReward":{"count":9,"max":1739.65808,"min":-21918.4766,"runningAverage":-6968.01,"value":-21918.4766,"weightedAverage":-11161.1777},"HierarchicalAgent-NonLSTM.CumulativeReward":{"count":14,"max":2060.03076,"min":-10383.7139,"runningAverage":-1393.66052,"value":1397.092,"weightedAverage":133.517883}},"metadata":{"timer_format_version":"0.1.0","start_time_seconds":"1638491806","unity_version":"2020.3.20f1","command_line_arguments":"C:\\Program Files\\Unity\\Hub\\Editor\\2020.3.20f1\\Editor\\Unity.exe -projectpath C:\\Users\\Rishabh Thakkar\\HierachicalKarting -useHub -hubIPC -cloudEnvironment production -licensingIpc LicenseClient-fQtBlcbXTf1t2TYtNa3kM -hubSessionId a387cb50-4ba7-11ec-8a2d-571798bdf90b -accessToken YWqWy3GP-iblpYRYCSnjF2YpFno34NL4BABENV22Si0012f","communication_protocol_version":"1.5.0","com.unity.ml-agents_version":"2.0.1","scene_name":"CombinedAITraining","end_time_seconds":"1638560845"}}