{"count":1,"self":25.6267008,"total":33.244735999999996,"children":{"InitializeActuators":{"count":192,"self":0.013033,"total":0.013033,"children":null},"InitializeSensors":{"count":192,"self":0.0070113,"total":0.0070113,"children":null},"AgentSendState":{"count":117,"self":0.0319965,"total":0.70497769999999993,"children":{"CollectObservations":{"count":11328,"self":0.3780049,"total":0.3780049,"children":null},"WriteActionMask":{"count":11328,"self":0.0069980999999999993,"total":0.0069980999999999993,"children":null},"RequestDecision":{"count":11328,"self":0.0250027,"total":0.28797819999999996,"children":{"AgentInfo.ToProto":{"count":11328,"self":0.035981599999999996,"total":0.2629755,"children":{"GenerateSensorData":{"count":11328,"self":0.2269939,"total":0.2269939,"children":null}}}}}}},"DecideAction":{"count":117,"self":6.8340144,"total":6.8340141999999995,"children":null},"AgentAct":{"count":117,"self":0.056001199999999994,"total":0.056001199999999994,"children":null},"AgentInfo.ToProto":{"count":192,"self":0,"total":0.0029985999999999997,"children":{"GenerateSensorData":{"count":192,"self":0.0029985999999999997,"total":0.0029985999999999997,"children":null}}}},"gauges":{"HierarchicalAgent-TeamDOE.CumulativeReward":{"count":96,"max":2E-05,"min":-0.440320015,"runningAverage":-0.048443757,"value":-0.000639999867,"weightedAverage":-0.000919193262},"HierarchicalAgent-Team.CumulativeReward":{"count":96,"max":0.002,"min":-44.0319977,"runningAverage":-4.84445858,"value":-44.03,"weightedAverage":-15.9719887}},"metadata":{"timer_format_version":"0.1.0","start_time_seconds":"1644686722","unity_version":"2020.3.20f1","command_line_arguments":"C:\\Program Files\\Unity\\Hub\\Editor\\2020.3.20f1\\Editor\\Unity.exe","communication_protocol_version":"1.5.0","com.unity.ml-agents_version":"2.0.1","scene_name":"CombinedTeamAITraining","end_time_seconds":"1644686755"}}