{"count":1,"self":8225.4094336,"total":48147.1958963,"children":{"InitializeActuators":{"count":109250,"self":1.9290999999999998,"total":1.9291000999999999,"children":null},"InitializeSensors":{"count":109250,"self":2.6218014,"total":2.6218014,"children":null},"AgentSendState":{"count":1835051,"self":119.71799039999999,"total":2060.5006712,"children":{"CollectObservations":{"count":40532429,"self":1111.4272767999998,"total":1111.4272683,"children":null},"WriteActionMask":{"count":40532429,"self":24.0638464,"total":24.0638467,"children":null},"RequestDecision":{"count":40532429,"self":77.0158656,"total":805.29156389999991,"children":{"AgentInfo.ToProto":{"count":40532429,"self":70.0262016,"total":728.2756955,"children":{"GenerateSensorData":{"count":40532429,"self":658.249472,"total":658.2494915,"children":null}}}}}}},"DecideAction":{"count":1835051,"self":37635.1653888,"total":37635.1661404,"children":null},"AgentAct":{"count":1835051,"self":217.4254336,"total":217.4254327,"children":null},"AgentInfo.ToProto":{"count":114752,"self":0.6810904,"total":4.1422129,"children":{"GenerateSensorData":{"count":114752,"self":3.4611224,"total":3.4611224999999997,"children":null}}}},"gauges":{"HierarchicalAgent-LSTM.CumulativeReward":{"count":1989,"max":2031.7229,"min":-19747.9238,"runningAverage":-1047.75818,"value":-2061.09033,"weightedAverage":-1416.27466},"HierarchicalAgent-NonLSTM.CumulativeReward":{"count":991,"max":1992.20056,"min":-8692.686,"runningAverage":-353.917816,"value":946.339355,"weightedAverage":763.2462},"E2EAgent-LSTM.CumulativeReward":{"count":1555,"max":2122.97046,"min":-22572.4141,"runningAverage":-1235.04993,"value":-146.8107,"weightedAverage":766.103638},"E2EAgent-NonLSTM.CumulativeReward":{"count":1013,"max":1863.63049,"min":-14141.5576,"runningAverage":-1189.2334,"value":-1293.88708,"weightedAverage":-480.1032}},"metadata":{"timer_format_version":"0.1.0","start_time_seconds":"1638585327","unity_version":"2020.3.20f1","command_line_arguments":"C:\\Program Files\\Unity\\Hub\\Editor\\2020.3.20f1\\Editor\\Unity.exe -projectpath C:\\Users\\Rishabh Thakkar\\HierachicalKarting -useHub -hubIPC -cloudEnvironment production -licensingIpc LicenseClient-fQtBlcbXTf1t2TYtNa3kM -hubSessionId a387cb50-4ba7-11ec-8a2d-571798bdf90b -accessToken YWqWy3GP-iblpYRYCSnjF2YpFno34NL4BABENV22Si0012f","communication_protocol_version":"1.5.0","com.unity.ml-agents_version":"2.0.1","scene_name":"CombinedAITraining","end_time_seconds":"1638633474"}}