{"count":1,"self":1008.7110656,"total":2993.0285211,"children":{"InitializeActuators":{"count":11462,"self":0.1979214,"total":0.1979214,"children":null},"InitializeSensors":{"count":11462,"self":0.29990849999999997,"total":0.29990849999999997,"children":null},"AgentSendState":{"count":95151,"self":12.5893192,"total":219.7573832,"children":{"CollectObservations":{"count":4226249,"self":133.31550719999998,"total":133.3155128,"children":null},"WriteActionMask":{"count":4226249,"self":3.0575783999999997,"total":3.0575783999999997,"children":null},"RequestDecision":{"count":4226249,"self":8.0545368,"total":70.794973099999993,"children":{"AgentInfo.ToProto":{"count":4226249,"self":7.126772,"total":62.7404363,"children":{"GenerateSensorData":{"count":4226249,"self":55.613664,"total":55.613664099999994,"children":null}}}}}}},"DecideAction":{"count":95151,"self":1737.8545663999998,"total":1737.8545471999998,"children":null},"AgentAct":{"count":95151,"self":25.7745248,"total":25.780527,"children":{"AgentInfo.ToProto":{"count":155,"self":0.0010000999999999999,"total":0.0060019999999999995,"children":{"GenerateSensorData":{"count":155,"self":0.0050019,"total":0.0050019,"children":null}}}}},"AgentInfo.ToProto":{"count":11472,"self":0.0930285,"total":0.4261176,"children":{"GenerateSensorData":{"count":11472,"self":0.33308909999999997,"total":0.33308909999999997,"children":null}}}},"gauges":{"HierarchicalAgent-NonLSTM.CumulativeReward":{"count":251,"max":2785.73,"min":-134.606369,"runningAverage":538.346069,"value":1206.27185,"weightedAverage":734.981445}},"metadata":{"timer_format_version":"0.1.0","start_time_seconds":"1644336189","unity_version":"2020.3.20f1","command_line_arguments":"C:\\Program Files\\Unity\\Hub\\Editor\\2020.3.20f1\\Editor\\Unity.exe -projectpath C:\\Users\\Rishabh Thakkar\\HierachicalKarting -useHub -hubIPC -cloudEnvironment production -licensingIpc LicenseClient-Rishabh Thakkar -hubSessionId a0fa10b0-8530-11ec-82c9-530ec8f62ffa -accessToken Is5v6vuWxqif9EkI8FSCdacF9DAWRETMZAzzkSReQfU012f","communication_protocol_version":"1.5.0","com.unity.ml-agents_version":"2.0.1","scene_name":"CombinedAITraining","end_time_seconds":"1644339182"}}