{"count":1,"self":12135.678771199999,"total":54100.5449071,"children":{"InitializeActuators":{"count":189920,"self":2.5625071999999998,"total":2.5625073,"children":null},"InitializeSensors":{"count":189920,"self":3.8644095999999997,"total":3.8644095999999997,"children":null},"AgentSendState":{"count":1004101,"self":185.9238528,"total":3338.2325637999998,"children":{"CollectObservations":{"count":61550021,"self":1917.9921408,"total":1917.9922351,"children":null},"WriteActionMask":{"count":61550021,"self":42.5461536,"total":42.5461524,"children":null},"RequestDecision":{"count":61550021,"self":124.5569792,"total":1191.7703248,"children":{"AgentInfo.ToProto":{"count":61550021,"self":108.696128,"total":1067.2133459,"children":{"GenerateSensorData":{"count":61550021,"self":958.517248,"total":958.5172167,"children":null}}}}}}},"DecideAction":{"count":1004101,"self":38255.755264,"total":38255.755804399996,"children":null},"AgentAct":{"count":1004101,"self":357.2512,"total":357.56022709999996,"children":{"AgentInfo.ToProto":{"count":8774,"self":0.0440078,"total":0.3090353,"children":{"GenerateSensorData":{"count":8774,"self":0.26502749999999997,"total":0.26502749999999997,"children":null}}}}},"AgentInfo.ToProto":{"count":189783,"self":1.2511786,"total":6.8910212,"children":{"GenerateSensorData":{"count":189783,"self":5.6398424,"total":5.6398426,"children":null}}}},"gauges":{"FixedHierarchicalAgent-Team.CumulativeReward":{"count":2946,"max":30.077404,"min":-80.07485,"runningAverage":7.618844,"value":6.55080938,"weightedAverage":7.520053},"HierarchicalAgent-TeamDOE.CumulativeReward":{"count":2928,"max":29.7193069,"min":-45.4566078,"runningAverage":8.049084,"value":4.005391,"weightedAverage":8.332594},"E2EAgent-Team.CumulativeReward":{"count":2900,"max":54.4565,"min":-112.335014,"runningAverage":15.0872707,"value":35.49201,"weightedAverage":15.3729534}},"metadata":{"timer_format_version":"0.1.0","start_time_seconds":"1646933802","unity_version":"2020.3.20f1","command_line_arguments":"C:\\Program Files\\Unity\\Hub\\Editor\\2020.3.20f1\\Editor\\Unity.exe -projectpath C:\\Users\\Rishabh Thakkar\\HierachicalKarting -useHub -hubIPC -cloudEnvironment production -licensingIpc LicenseClient-Rishabh Thakkar -hubSessionId bcf3b6f0-a096-11ec-9666-b925cd0672c9 -accessToken drcsTFQbiJYH6vRiAYwrZ_63MdkG6ZRyi-hR_KfZpSY012f","communication_protocol_version":"1.5.0","com.unity.ml-agents_version":"2.0.1","scene_name":"CombinedTeamAITraining","end_time_seconds":"1646987902"}}