{"count":1,"self":2245.4476799999998,"total":8250.317557299999,"children":{"InitializeActuators":{"count":28056,"self":0.39994189999999996,"total":0.39994189999999996,"children":null},"InitializeSensors":{"count":28056,"self":0.6380283,"total":0.6380283,"children":null},"AgentSendState":{"count":232234,"self":28.599424,"total":541.0495831,"children":{"CollectObservations":{"count":9307846,"self":306.8443904,"total":306.8443888,"children":null},"WriteActionMask":{"count":9307846,"self":6.3696775999999993,"total":6.3696774,"children":null},"RequestDecision":{"count":9307846,"self":17.669159999999998,"total":199.2360942,"children":{"AgentInfo.ToProto":{"count":9307846,"self":15.886281599999998,"total":181.566934,"children":{"GenerateSensorData":{"count":9307846,"self":165.6806528,"total":165.68065249999998,"children":null}}}}}}},"DecideAction":{"count":232234,"self":5402.3057407999995,"total":5402.305816,"children":null},"AgentAct":{"count":232234,"self":59.0585472,"total":59.0855362,"children":{"AgentInfo.ToProto":{"count":818,"self":0.0009999,"total":0.02699,"children":{"GenerateSensorData":{"count":818,"self":0.0259901,"total":0.0259901,"children":null}}}}},"AgentInfo.ToProto":{"count":28063,"self":0.2120175,"total":1.3900374,"children":{"GenerateSensorData":{"count":28063,"self":1.1780199,"total":1.1780199,"children":null}}}},"gauges":{"HierarchicalAgent-Team.CumulativeReward":{"count":914,"max":2766.92432,"min":-1440.78772,"runningAverage":796.2443,"value":108.365532,"weightedAverage":828.9371}},"metadata":{"timer_format_version":"0.1.0","start_time_seconds":"1644374673","unity_version":"2020.3.20f1","command_line_arguments":"C:\\Program Files\\Unity\\Hub\\Editor\\2020.3.20f1\\Editor\\Unity.exe -projectpath C:\\Users\\Rishabh Thakkar\\HierachicalKarting -useHub -hubIPC -cloudEnvironment production -licensingIpc LicenseClient-Rishabh Thakkar -hubSessionId a0fa10b0-8530-11ec-82c9-530ec8f62ffa -accessToken Is5v6vuWxqif9EkI8FSCdacF9DAWRETMZAzzkSReQfU012f","communication_protocol_version":"1.5.0","com.unity.ml-agents_version":"2.0.1","scene_name":"CombinedTeamAITraining","end_time_seconds":"1644382923"}}