{"count":1,"self":3349.4349823999996,"total":10548.5663837,"children":{"InitializeActuators":{"count":48748,"self":0.80484709999999993,"total":0.80484709999999993,"children":null},"InitializeSensors":{"count":48748,"self":1.1457504,"total":1.1457504,"children":null},"AgentSendState":{"count":364901,"self":46.5646944,"total":765.2020165,"children":{"CollectObservations":{"count":16249478,"self":463.29410559999997,"total":463.29412629999996,"children":null},"WriteActionMask":{"count":16249478,"self":10.9117368,"total":10.911736999999999,"children":null},"RequestDecision":{"count":16249478,"self":29.627641599999997,"total":244.43145769999998,"children":{"AgentInfo.ToProto":{"count":16249478,"self":26.139660799999998,"total":214.80381559999998,"children":{"GenerateSensorData":{"count":16249478,"self":188.6641536,"total":188.6641541,"children":null}}}}}}},"DecideAction":{"count":364901,"self":6341.8089472,"total":6341.8087834,"children":null},"AgentAct":{"count":364901,"self":88.4415296,"total":88.4415291,"children":null},"AgentInfo.ToProto":{"count":49787,"self":0.333074,"total":1.7274037,"children":{"GenerateSensorData":{"count":49787,"self":1.3943297,"total":1.3943297,"children":null}}}},"gauges":{"HierarchicalAgent-NonLSTM.CumulativeReward":{"count":1132,"max":2626.82373,"min":-9526.173,"runningAverage":-267.3418,"value":19.4977913,"weightedAverage":-88.11183}},"metadata":{"timer_format_version":"0.1.0","start_time_seconds":"1641365948","unity_version":"2020.3.20f1","command_line_arguments":"C:\\Program Files\\Unity\\Hub\\Editor\\2020.3.20f1\\Editor\\Unity.exe -projectpath C:\\Users\\Rishabh Thakkar\\HierachicalKarting -useHub -hubIPC -cloudEnvironment production -licensingIpc LicenseClient-Rishabh Thakkar -hubSessionId a34fa820-6d84-11ec-8383-e94ec5fd688c -accessToken 2hLl4jZy0TUtuvvUzowWeFyW4MFwhRs-vWqgRRQztIY012f","communication_protocol_version":"1.5.0","com.unity.ml-agents_version":"2.0.1","scene_name":"CombinedAITraining","end_time_seconds":"1641376497"}}