{"count":1,"self":6412.398592,"total":26143.1971515,"children":{"InitializeActuators":{"count":100820,"self":1.4502575,"total":1.4502575,"children":null},"InitializeSensors":{"count":100820,"self":2.0859012,"total":2.0859012999999997,"children":null},"AgentSendState":{"count":792267,"self":92.3152704,"total":1729.2068186,"children":{"CollectObservations":{"count":32381367,"self":1009.0842111999999,"total":1009.0841628,"children":null},"WriteActionMask":{"count":32381367,"self":20.2571264,"total":20.2571263,"children":null},"RequestDecision":{"count":32381367,"self":60.041017599999996,"total":607.5502616,"children":{"AgentInfo.ToProto":{"count":32381367,"self":54.2240128,"total":547.50924709999993,"children":{"GenerateSensorData":{"count":32381367,"self":493.28522239999995,"total":493.2852375,"children":null}}}}}}},"DecideAction":{"count":792267,"self":17816.764415999998,"total":17816.765131699998,"children":null},"AgentAct":{"count":792267,"self":177.9489408,"total":178.02091249999998,"children":{"AgentInfo.ToProto":{"count":2439,"self":0.004998,"total":0.07197089999999999,"children":{"GenerateSensorData":{"count":2439,"self":0.0669729,"total":0.0669729,"children":null}}}}},"AgentInfo.ToProto":{"count":100833,"self":0.5359781,"total":3.2684419,"children":{"GenerateSensorData":{"count":100833,"self":2.7324637999999997,"total":2.7324637999999997,"children":null}}}},"gauges":{"HierarchicalAgent-TeamDOE.CumulativeReward":{"count":2535,"max":29.4147968,"min":-41.23181,"runningAverage":7.88194561,"value":3.349652,"weightedAverage":7.084326}},"metadata":{"timer_format_version":"0.1.0","start_time_seconds":"1645114735","unity_version":"2020.3.20f1","command_line_arguments":"C:\\Program Files\\Unity\\Hub\\Editor\\2020.3.20f1\\Editor\\Unity.exe -projectpath C:\\Users\\Rishabh Thakkar\\HierachicalKarting -useHub -hubIPC -cloudEnvironment production -licensingIpc LicenseClient-Rishabh Thakkar -hubSessionId d1a8b630-8e77-11ec-8f68-ab71005d5a7c -accessToken 9Tx95J5jn116Na8vxFaNs0Js_4Md1QEzPUj90n0_v7g012f","communication_protocol_version":"1.5.0","com.unity.ml-agents_version":"2.0.1","scene_name":"CombinedTeamAITraining","end_time_seconds":"1645140879"}}