{"count":1,"self":382.51340799999997,"total":1618.8076070999998,"children":{"InitializeActuators":{"count":2108,"self":0.0390034,"total":0.0390034,"children":null},"InitializeSensors":{"count":2108,"self":0.047966499999999995,"total":0.047966499999999995,"children":null},"AgentSendState":{"count":17634,"self":6.2021104,"total":111.46368369999999,"children":{"CollectObservations":{"count":2067717,"self":64.434208,"total":64.4342063,"children":null},"WriteActionMask":{"count":2067717,"self":1.4789299999999999,"total":1.4789299999999999,"children":null},"RequestDecision":{"count":2067717,"self":4.1640804,"total":39.3484368,"children":{"AgentInfo.ToProto":{"count":2067717,"self":3.5299367999999998,"total":35.1843565,"children":{"GenerateSensorData":{"count":2067717,"self":31.6544192,"total":31.6544197,"children":null}}}}}}},"DecideAction":{"count":17634,"self":1111.9834111999999,"total":1111.9833739,"children":null},"AgentAct":{"count":17634,"self":12.686177599999999,"total":12.689177599999999,"children":{"AgentInfo.ToProto":{"count":147,"self":0,"total":0.0029996,"children":{"GenerateSensorData":{"count":147,"self":0.0029996,"total":0.0029996,"children":null}}}}},"AgentInfo.ToProto":{"count":3041,"self":0.0180046,"total":0.0700005,"children":{"GenerateSensorData":{"count":3041,"self":0.0519959,"total":0.0519959,"children":null}}}},"gauges":{"FixedHierarchicalAgent-Team.CumulativeReward":{"count":996,"max":15.041997,"min":-135.12883,"runningAverage":-13.1793413,"value":4.75406456,"weightedAverage":2.95923972},"HierarchicalAgent-TeamDOE.CumulativeReward":{"count":148,"max":2.14540076,"min":-30.2938366,"runningAverage":-1.12908924,"value":1.22054148,"weightedAverage":-1.62057161},"E2EAgent-Team.CumulativeReward":{"count":159,"max":6.24215,"min":-49.3834038,"runningAverage":-1.57206643,"value":1.769859,"weightedAverage":0.0151910335}},"metadata":{"timer_format_version":"0.1.0","start_time_seconds":"1646028748","unity_version":"2020.3.20f1","command_line_arguments":"C:\\Program Files\\Unity\\Hub\\Editor\\2020.3.20f1\\Editor\\Unity.exe -projectpath C:\\Users\\Rishabh Thakkar\\HierachicalKarting -useHub -hubIPC -cloudEnvironment production -licensingIpc LicenseClient-Rishabh Thakkar -hubSessionId be2ad8e0-97fa-11ec-92c8-db6851b0fb5a -accessToken 6fXDsEzPQdz4ssMxcOqd-JIp0lnvhVbmi7ZmWbd3xdI012f","communication_protocol_version":"1.5.0","com.unity.ml-agents_version":"2.0.1","scene_name":"CombinedTeamAITraining","end_time_seconds":"1646030367"}}