{"count":1,"self":1513.4239744,"total":5501.2481235999994,"children":{"InitializeActuators":{"count":26529,"self":0.4298415,"total":0.4298415,"children":null},"InitializeSensors":{"count":26529,"self":0.5868955,"total":0.5868955,"children":null},"AgentSendState":{"count":344501,"self":22.7308752,"total":360.33568859999997,"children":{"CollectObservations":{"count":7774901,"self":201.8448,"total":201.8447938,"children":null},"WriteActionMask":{"count":7774901,"self":4.6016639999999995,"total":4.6016639,"children":null},"RequestDecision":{"count":7774901,"self":14.1007248,"total":131.1583562,"children":{"AgentInfo.ToProto":{"count":7774901,"self":12.758567999999999,"total":117.0576315,"children":{"GenerateSensorData":{"count":7774901,"self":104.29906559999999,"total":104.2990634,"children":null}}}}}}},"DecideAction":{"count":344501,"self":3591.00416,"total":3591.0041985,"children":null},"AgentAct":{"count":344501,"self":34.7665504,"total":34.766549399999995,"children":null},"AgentInfo.ToProto":{"count":26483,"self":0.12099649999999999,"total":0.7000109,"children":{"GenerateSensorData":{"count":26483,"self":0.57901439999999993,"total":0.57901439999999993,"children":null}}}},"gauges":{"E2EAgent-NonLSTM.CumulativeReward":{"count":1,"max":419.580078,"min":419.580078,"runningAverage":419.580078,"value":419.580078,"weightedAverage":419.580078}},"metadata":{"timer_format_version":"0.1.0","start_time_seconds":"1639601824","unity_version":"2020.3.20f1","command_line_arguments":"C:\\Program Files\\Unity\\Hub\\Editor\\2020.3.20f1\\Editor\\Unity.exe -projectpath C:\\Users\\Rishabh Thakkar\\HierachicalKarting -useHub -hubIPC -cloudEnvironment production -licensingIpc LicenseClient-Rishabh Thakkar -hubSessionId 82d2d5e0-5db2-11ec-b487-f7696db756bf -accessToken zGL2OYE1imH8xxM-MHvinVXSIPXYaHuf2yr8ATwJ3KI012f","communication_protocol_version":"1.5.0","com.unity.ml-agents_version":"2.0.1","scene_name":"CombinedAITraining","end_time_seconds":"1639607325"}}