{"count":1,"self":1317.6278015999999,"total":4833.4175372,"children":{"InitializeActuators":{"count":15604,"self":0.20998129999999998,"total":0.20998129999999998,"children":null},"InitializeSensors":{"count":15604,"self":0.3419711,"total":0.3419711,"children":null},"AgentSendState":{"count":113684,"self":18.210974399999998,"total":349.5690848,"children":{"CollectObservations":{"count":6198778,"self":199.35232,"total":199.3523246,"children":null},"WriteActionMask":{"count":6198778,"self":4.1678071999999995,"total":4.1678073,"children":null},"RequestDecision":{"count":6198778,"self":11.8139504,"total":127.83797879999999,"children":{"AgentInfo.ToProto":{"count":6198778,"self":10.2027456,"total":116.02402839999999,"children":{"GenerateSensorData":{"count":6198778,"self":105.82128,"total":105.82128279999999,"children":null}}}}}}},"DecideAction":{"count":113684,"self":3129.2665856,"total":3129.2666555,"children":null},"AgentAct":{"count":113684,"self":35.6949824,"total":35.7319783,"children":{"AgentInfo.ToProto":{"count":474,"self":0.0020024,"total":0.0369961,"children":{"GenerateSensorData":{"count":474,"self":0.034993699999999996,"total":0.034993699999999996,"children":null}}}}},"AgentInfo.ToProto":{"count":15619,"self":0.0930167,"total":0.6691121,"children":{"GenerateSensorData":{"count":15619,"self":0.57609539999999992,"total":0.57609539999999992,"children":null}}}},"gauges":{"HierarchicalAgent-TeamDOE.CumulativeReward":{"count":602,"max":26.4458847,"min":-16.6375465,"runningAverage":6.40091848,"value":0.6496522,"weightedAverage":6.08675}},"metadata":{"timer_format_version":"0.1.0","start_time_seconds":"1644074030","unity_version":"2020.3.20f1","command_line_arguments":"C:\\Program Files\\Unity\\Hub\\Editor\\2020.3.20f1\\Editor\\Unity.exe -projectpath C:\\Users\\Rishabh Thakkar\\HierachicalKarting -useHub -hubIPC -cloudEnvironment production -licensingIpc LicenseClient-Rishabh Thakkar -hubSessionId a0fa10b0-8530-11ec-82c9-530ec8f62ffa -accessToken Is5v6vuWxqif9EkI8FSCdacF9DAWRETMZAzzkSReQfU012f","communication_protocol_version":"1.5.0","com.unity.ml-agents_version":"2.0.1","scene_name":"CombinedTeamAITraining","end_time_seconds":"1644078863"}}