{"count":1,"self":3833.0720256,"total":17601.822723999998,"children":{"InitializeActuators":{"count":47864,"self":0.6798847,"total":0.6798847,"children":null},"InitializeSensors":{"count":47864,"self":1.0008936,"total":1.0008936,"children":null},"AgentSendState":{"count":871584,"self":41.3349184,"total":1021.0510677999999,"children":{"CollectObservations":{"count":16056297,"self":493.02655999999996,"total":493.02656779999995,"children":null},"WriteActionMask":{"count":16056297,"self":8.1504079999999988,"total":8.1504079999999988,"children":null},"RequestDecision":{"count":16056297,"self":26.6909776,"total":478.5391732,"children":{"AgentInfo.ToProto":{"count":16056297,"self":24.39264,"total":451.8481958,"children":{"GenerateSensorData":{"count":16056297,"self":427.4555648,"total":427.45555559999997,"children":null}}}}}}},"DecideAction":{"count":871584,"self":12663.4237952,"total":12663.423956699999,"children":null},"AgentAct":{"count":871584,"self":80.08687359999999,"total":80.3888224,"children":{"AgentInfo.ToProto":{"count":4577,"self":0.01999,"total":0.30194699999999997,"children":{"GenerateSensorData":{"count":4577,"self":0.281957,"total":0.281957,"children":null}}}}},"AgentInfo.ToProto":{"count":47806,"self":0.26191749999999997,"total":2.2049694,"children":{"GenerateSensorData":{"count":47806,"self":1.943052,"total":1.9430519,"children":null}}}},"gauges":{"FixedHierarchicalAgent-Team.CumulativeReward":{"count":4577,"max":31.8998222,"min":-198.930573,"runningAverage":8.27592,"value":17.8844223,"weightedAverage":15.8305187}},"metadata":{"timer_format_version":"0.1.0","start_time_seconds":"1648617093","unity_version":"2020.3.20f1","command_line_arguments":"C:\\Program Files\\Unity\\Hub\\Editor\\2020.3.20f1\\Editor\\Unity.exe -projectpath C:\\Users\\Rishabh Thakkar\\HierachicalKarting -useHub -hubIPC -cloudEnvironment production -licensingIpc LicenseClient-Rishabh Thakkar -hubSessionId bcf3b6f0-a096-11ec-9666-b925cd0672c9 -accessToken 3BK7r98HOmbhI_lJKYpNgbEki6TwKkzdPkmWNOcsaPI012f","communication_protocol_version":"1.5.0","com.unity.ml-agents_version":"2.0.1","scene_name":"CombinedTeamAITraining","end_time_seconds":"1648634695"}}