{"count":1,"self":5213.4273023999995,"total":5348.3008205,"children":{"InitializeActuators":{"count":4,"self":0.0020001999999999997,"total":0.0020001999999999997,"children":null},"InitializeSensors":{"count":4,"self":0.0039927,"total":0.0039927,"children":null},"AgentSendState":{"count":267165,"self":3.2048699999999997,"total":28.6489217,"children":{"CollectObservations":{"count":534332,"self":23.0352432,"total":23.0352432,"children":null},"WriteActionMask":{"count":534332,"self":0.48039699999999996,"total":0.48039699999999996,"children":null},"RequestDecision":{"count":534332,"self":1.9284113999999999,"total":1.9284113999999999,"children":null}}},"DecideAction":{"count":267165,"self":102.84292479999999,"total":102.8429223,"children":null},"AgentAct":{"count":267165,"self":3.3746084,"total":3.3746083,"children":null}},"gauges":{"HierarchicalAgent.CumulativeReward":{"count":202,"max":1922.75537,"min":-28137.4941,"runningAverage":432.2479,"value":98.8347855,"weightedAverage":597.607239},"End2EndAgent.CumulativeReward":{"count":202,"max":2949.0127,"min":-28178.916,"runningAverage":738.713867,"value":133.721481,"weightedAverage":123.291908}},"metadata":{"timer_format_version":"0.1.0","start_time_seconds":"1646276212","unity_version":"2020.3.20f1","command_line_arguments":"C:\\Program Files\\Unity\\Hub\\Editor\\2020.3.20f1\\Editor\\Unity.exe -projectpath C:\\Users\\Rishabh Thakkar\\HierachicalKarting -useHub -hubIPC -cloudEnvironment production -licensingIpc LicenseClient-Rishabh Thakkar -hubSessionId be2ad8e0-97fa-11ec-92c8-db6851b0fb5a -accessToken lj9q3vHBZI_x8cVMCP3BsZFvwb94NLPl4DT0--iqu7U012f","communication_protocol_version":"1.5.0","com.unity.ml-agents_version":"2.0.1","scene_name":"CompeteAgents-ComplexAll","end_time_seconds":"1646281561"}}