{"count":1,"self":5167.5693056,"total":5313.7620418999995,"children":{"InitializeActuators":{"count":200,"self":0.012992499999999999,"total":0.012992499999999999,"children":null},"InitializeSensors":{"count":200,"self":0.0189479,"total":0.0189479,"children":null},"AgentSendState":{"count":265421,"self":2.7302488,"total":23.4870593,"children":{"CollectObservations":{"count":509614,"self":18.382182399999998,"total":18.3821832,"children":null},"WriteActionMask":{"count":509614,"self":0.4899418,"total":0.4899418,"children":null},"RequestDecision":{"count":509614,"self":1.8846855999999998,"total":1.8846855999999998,"children":null}}},"DecideAction":{"count":265421,"self":119.58743039999999,"total":119.58742559999999,"children":null},"AgentAct":{"count":265421,"self":3.0851371999999997,"total":3.0851373,"children":null}},"gauges":{"HierarchicalAgent-Team.CumulativeReward":{"count":100,"max":2182.47485,"min":-5772.80225,"runningAverage":-167.8399,"value":25.3051929,"weightedAverage":-505.142151},"HierarchicalAgent.CumulativeReward":{"count":102,"max":2305.95752,"min":-3888.73315,"runningAverage":405.875366,"value":1003.65613,"weightedAverage":936.035156}},"metadata":{"timer_format_version":"0.1.0","start_time_seconds":"1649379590","unity_version":"2020.3.20f1","command_line_arguments":"C:\\Program Files\\Unity\\Hub\\Editor\\2020.3.20f1\\Editor\\Unity.exe -projectpath C:\\Users\\Rishabh Thakkar\\HierachicalKarting -useHub -hubIPC -cloudEnvironment production -licensingIpc LicenseClient-Rishabh Thakkar -hubSessionId bcf3b6f0-a096-11ec-9666-b925cd0672c9 -accessToken PNt9-X7epClM5-rx35c4YyyiefEsTc1pB058yodISFs012f","communication_protocol_version":"1.5.0","com.unity.ml-agents_version":"2.0.1","scene_name":"CompeteAgents-ComplexDuosAll","end_time_seconds":"1649384903"}}