{"count":1,"self":5186.5698304,"total":5446.4953778,"children":{"InitializeActuators":{"count":208,"self":0.013015299999999999,"total":0.013015299999999999,"children":null},"InitializeSensors":{"count":208,"self":0.0129873,"total":0.0129873,"children":null},"AgentSendState":{"count":272017,"self":2.8972064,"total":34.5352287,"children":{"CollectObservations":{"count":530952,"self":29.395660799999998,"total":29.395660999999997,"children":null},"WriteActionMask":{"count":530952,"self":0.4210751,"total":0.4210751,"children":null},"RequestDecision":{"count":530952,"self":1.8212861999999999,"total":1.8212861999999999,"children":null}}},"DecideAction":{"count":272017,"self":222.04766719999998,"total":222.04766189999998,"children":null},"AgentAct":{"count":272017,"self":3.3158111999999997,"total":3.3158113,"children":null}},"gauges":{"FixedHierarchicalAgent.CumulativeReward":{"count":52,"max":2050.37964,"min":-659.3266,"runningAverage":819.869751,"value":18.9792061,"weightedAverage":526.010742},"HierarchicalAgent.CumulativeReward":{"count":105,"max":1959.03259,"min":-2966.71875,"runningAverage":400.1763,"value":-1413.26965,"weightedAverage":286.1474},"End2EndAgent.CumulativeReward":{"count":53,"max":2868.34253,"min":-2101.6875,"runningAverage":863.6662,"value":-1241.23291,"weightedAverage":537.081543}},"metadata":{"timer_format_version":"0.1.0","start_time_seconds":"1648166229","unity_version":"2020.3.20f1","command_line_arguments":"C:\\Program Files\\Unity\\Hub\\Editor\\2020.3.20f1\\Editor\\Unity.exe -projectpath C:\\Users\\Rishabh Thakkar\\HierachicalKarting -useHub -hubIPC -cloudEnvironment production -licensingIpc LicenseClient-Rishabh Thakkar -hubSessionId bcf3b6f0-a096-11ec-9666-b925cd0672c9 -accessToken coPG3DPMGKqfwLGL0an93rs8p5bvDwrcDAHnCu5Pgco012f","communication_protocol_version":"1.5.0","com.unity.ml-agents_version":"2.0.1","scene_name":"CompeteAgents-ComplexAll","end_time_seconds":"1648171675"}}