{"count":1,"self":32.117478399999996,"total":32.979555,"children":{"InitializeActuators":{"count":4,"self":0.0020172,"total":0.0020172,"children":null},"InitializeSensors":{"count":4,"self":0.0029955999999999997,"total":0.0029955999999999997,"children":null},"AgentSendState":{"count":1394,"self":0.024991199999999998,"total":0.19696329999999998,"children":{"CollectObservations":{"count":2788,"self":0.15497819999999998,"total":0.15497819999999998,"children":null},"WriteActionMask":{"count":2788,"self":0.0049935,"total":0.0049935,"children":null},"RequestDecision":{"count":2788,"self":0.0120004,"total":0.0120004,"children":null}}},"DecideAction":{"count":1394,"self":0.64409909999999992,"total":0.64409909999999992,"children":null},"AgentAct":{"count":1394,"self":0.0150014,"total":0.0150014,"children":null}},"gauges":{"HierarchicalAgent-Team.CumulativeReward":{"count":4,"max":0.001,"min":-107.998,"runningAverage":-47.24825,"value":-107.998,"weightedAverage":-48.5137672}},"metadata":{"timer_format_version":"0.1.0","start_time_seconds":"1644685183","unity_version":"2020.3.20f1","command_line_arguments":"C:\\Program Files\\Unity\\Hub\\Editor\\2020.3.20f1\\Editor\\Unity.exe","communication_protocol_version":"1.5.0","com.unity.ml-agents_version":"2.0.1","scene_name":"CompeteAgents-OvalDuos","end_time_seconds":"1644685216"}}