{"count":1,"self":902.30016,"total":4761.9576953999995,"children":{"InitializeActuators":{"count":5320,"self":0.089976199999999992,"total":0.089976199999999992,"children":null},"InitializeSensors":{"count":5320,"self":0.1301938,"total":0.1301938,"children":null},"AgentSendState":{"count":593084,"self":10.0378856,"total":162.93518899999998,"children":{"CollectObservations":{"count":3185493,"self":81.3942592,"total":81.394258499999992,"children":null},"WriteActionMask":{"count":3185493,"self":1.9120452,"total":1.9120453,"children":null},"RequestDecision":{"count":3185493,"self":6.0601432,"total":69.5909996,"children":{"AgentInfo.ToProto":{"count":3185493,"self":5.6931216,"total":63.5308564,"children":{"GenerateSensorData":{"count":3185493,"self":57.837734399999995,"total":57.8377348,"children":null}}}}}}},"DecideAction":{"count":593084,"self":3682.1209088,"total":3682.1209399,"children":null},"AgentAct":{"count":593084,"self":14.1902496,"total":14.1902504,"children":null},"AgentInfo.ToProto":{"count":7171,"self":0.027997499999999998,"total":0.1910014,"children":{"GenerateSensorData":{"count":7171,"self":0.16300389999999998,"total":0.16300389999999998,"children":null}}}},"gauges":{"E2EAgent.CumulativeReward":{"count":1862,"max":2062.86621,"min":-23472.9141,"runningAverage":-2068.943,"value":1008.85938,"weightedAverage":751.6634}},"metadata":{"timer_format_version":"0.1.0","start_time_seconds":"1638383439","unity_version":"2020.3.20f1","command_line_arguments":"C:\\Program Files\\Unity\\Hub\\Editor\\2020.3.20f1\\Editor\\Unity.exe -projectpath C:\\Users\\Rishabh Thakkar\\HierachicalKarting -useHub -hubIPC -cloudEnvironment production -licensingIpc LicenseClient-fQtBlcbXTf1t2TYtNa3kM -hubSessionId a387cb50-4ba7-11ec-8a2d-571798bdf90b -accessToken YWqWy3GP-iblpYRYCSnjF2YpFno34NL4BABENV22Si0012f","communication_protocol_version":"1.5.0","com.unity.ml-agents_version":"2.0.1","scene_name":"End2EndAI_Training","end_time_seconds":"1638388201"}}