{"count":1,"self":80.54288,"total":329.4158385,"children":{"InitializeActuators":{"count":15,"self":0.00099969999999999985,"total":0.00099969999999999985,"children":null},"InitializeSensors":{"count":15,"self":0.0010019999999999999,"total":0.0010019999999999999,"children":null},"AgentSendState":{"count":33601,"self":0.6768634,"total":11.273465199999999,"children":{"CollectObservations":{"count":232490,"self":5.5046424,"total":5.5046424,"children":null},"WriteActionMask":{"count":232490,"self":0.13795749999999998,"total":0.13795749999999998,"children":null},"RequestDecision":{"count":232490,"self":0.43793489999999996,"total":4.9540019,"children":{"AgentInfo.ToProto":{"count":232490,"self":0.3878512,"total":4.516067,"children":{"GenerateSensorData":{"count":232490,"self":4.128216,"total":4.1282157999999995,"children":null}}}}}}},"DecideAction":{"count":33601,"self":236.66101759999998,"total":236.66102389999998,"children":null},"AgentAct":{"count":33601,"self":0.9304639,"total":0.9304639,"children":null},"AgentInfo.ToProto":{"count":396,"self":0.0009999,"total":0.0060012,"children":{"GenerateSensorData":{"count":396,"self":0.0050013,"total":0.0050013,"children":null}}}},"gauges":{"E2EAgent.CumulativeReward":{"count":393,"max":12359.2617,"min":-286.925568,"runningAverage":153.422943,"value":64.08343,"weightedAverage":1.35072422}},"metadata":{"timer_format_version":"0.1.0","start_time_seconds":"1638123339","unity_version":"2020.3.20f1","command_line_arguments":"C:\\Program Files\\Unity\\Hub\\Editor\\2020.3.20f1\\Editor\\Unity.exe -projectpath C:\\Users\\Rishabh Thakkar\\HierachicalKarting -useHub -hubIPC -cloudEnvironment production -licensingIpc LicenseClient-fQtBlcbXTf1t2TYtNa3kM -hubSessionId a387cb50-4ba7-11ec-8a2d-571798bdf90b -accessToken 2v1IkT-8fRfRPZEVDrn_GnCPAfCgaAQTI6SkjRKu92w012f","communication_protocol_version":"1.5.0","com.unity.ml-agents_version":"2.0.1","scene_name":"End2EndAI_Training","end_time_seconds":"1638123668"}}