{"count":1,"self":6522.2103039999993,"total":56162.4010682,"children":{"InitializeActuators":{"count":153,"self":0.0049961,"total":0.0049961,"children":null},"InitializeSensors":{"count":153,"self":0.0059998,"total":0.0059998,"children":null},"AgentSendState":{"count":3782367,"self":129.6970112,"total":2172.0321138,"children":{"CollectObservations":{"count":45370822,"self":1093.2626432,"total":1093.2626645,"children":null},"WriteActionMask":{"count":45370822,"self":26.7094512,"total":26.709450699999998,"children":null},"RequestDecision":{"count":45370822,"self":79.3807808,"total":922.3629874,"children":{"AgentInfo.ToProto":{"count":45370822,"self":76.355584,"total":842.9822075,"children":{"GenerateSensorData":{"count":45370822,"self":766.6266112,"total":766.626624,"children":null}}}}}}},"DecideAction":{"count":3782367,"self":47324.4368896,"total":47324.4360486,"children":null},"AgentAct":{"count":3782367,"self":142.7771776,"total":142.7771808,"children":null},"AgentInfo.ToProto":{"count":45398,"self":0.096019,"total":0.9332663,"children":{"GenerateSensorData":{"count":45398,"self":0.83724729999999992,"total":0.83724729999999992,"children":null}}}},"gauges":{"E2EAgent.CumulativeReward":{"count":45257,"max":32127.1133,"min":-57559.8359,"runningAverage":-2027.74866,"value":-350.975616,"weightedAverage":-523.9722}},"metadata":{"timer_format_version":"0.1.0","start_time_seconds":"1637912820","unity_version":"2020.3.20f1","command_line_arguments":"C:\\Program Files\\Unity\\Hub\\Editor\\2020.3.20f1\\Editor\\Unity.exe -projectpath C:\\Users\\Rishabh Thakkar\\HierachicalKarting -useHub -hubIPC -cloudEnvironment production -licensingIpc LicenseClient-fQtBlcbXTf1t2TYtNa3kM -hubSessionId a387cb50-4ba7-11ec-8a2d-571798bdf90b -accessToken 2v1IkT-8fRfRPZEVDrn_GnCPAfCgaAQTI6SkjRKu92w012f","communication_protocol_version":"1.5.0","com.unity.ml-agents_version":"2.0.1","scene_name":"End2EndAI_Training","end_time_seconds":"1637968982"}}