{"count":1,"self":1921.7453056,"total":3304.4465465,"children":{"InitializeActuators":{"count":12,"self":0.001999,"total":0.001999,"children":null},"InitializeSensors":{"count":12,"self":0.0010000999999999999,"total":0.0010000999999999999,"children":null},"AgentSendState":{"count":136901,"self":4.5183415999999994,"total":84.189462699999993,"children":{"CollectObservations":{"count":1642812,"self":52.083414399999995,"total":52.0834129,"children":null},"WriteActionMask":{"count":1642812,"self":1.0597258,"total":1.0597258,"children":null},"RequestDecision":{"count":1642812,"self":3.0563048,"total":26.5279822,"children":{"AgentInfo.ToProto":{"count":1642812,"self":2.7733296,"total":23.4716775,"children":{"GenerateSensorData":{"count":1642812,"self":20.6983472,"total":20.6983478,"children":null}}}}}}},"DecideAction":{"count":136901,"self":1294.6388992,"total":1294.6388683999999,"children":null},"AgentAct":{"count":136901,"self":3.8398383999999997,"total":3.8398385,"children":null},"AgentInfo.ToProto":{"count":1644,"self":0.0040003999999999994,"total":0.0290138,"children":{"GenerateSensorData":{"count":1644,"self":0.025013399999999998,"total":0.025013399999999998,"children":null}}}},"gauges":{"HierarchicalAgent.CumulativeReward":{"count":1644,"max":11765.8516,"min":-10828.1982,"runningAverage":-1501.78857,"value":-1596.74463,"weightedAverage":-1557.92053}},"metadata":{"timer_format_version":"0.1.0","start_time_seconds":"1636395826","unity_version":"2020.3.20f1","command_line_arguments":"C:\\Program Files\\Unity\\Hub\\Editor\\2020.3.20f1\\Editor\\Unity.exe -projectpath C:\\Users\\Rishabh Thakkar\\HierachicalKarting -useHub -hubIPC -cloudEnvironment production -licensingIpc LicenseClient-R8qpRbhKhGIZZZ04sxatu -hubSessionId df5da7f0-376e-11ec-9866-59c470d0255e -accessToken OwPnhj009kZFrR6KYj7tJ0HItn3TQshN2YDKKeKio_8012f","communication_protocol_version":"1.5.0","com.unity.ml-agents_version":"2.0.0","scene_name":"HierarchicalAI_Training","end_time_seconds":"1636399131"}}