{"count":1,"self":3635.591168,"total":8196.9814953,"children":{"InitializeActuators":{"count":24512,"self":0.4257859,"total":0.4257859,"children":null},"InitializeSensors":{"count":24512,"self":0.4907996,"total":0.4907996,"children":null},"AgentSendState":{"count":2830901,"self":14.283260799999999,"total":186.2602837,"children":{"CollectObservations":{"count":4096526,"self":113.144768,"total":113.144769,"children":null},"WriteActionMask":{"count":4096526,"self":2.0049124,"total":2.0049123,"children":null},"RequestDecision":{"count":4096526,"self":7.1497063999999995,"total":56.827342099999996,"children":{"AgentInfo.ToProto":{"count":4096526,"self":6.8781864,"total":49.677636,"children":{"GenerateSensorData":{"count":4096526,"self":42.799449599999996,"total":42.7994494,"children":null}}}}}}},"DecideAction":{"count":2830901,"self":4340.1437184,"total":4340.1437461999994,"children":null},"AgentAct":{"count":2830901,"self":33.5127776,"total":33.512776699999996,"children":null},"AgentInfo.ToProto":{"count":24840,"self":0.1049726,"total":0.55589009999999994,"children":{"GenerateSensorData":{"count":24840,"self":0.45091749999999997,"total":0.45091749999999997,"children":null}}}},"gauges":{"HierarchicalAgent.CumulativeReward":{"count":336,"max":65.2210541,"min":-1228.59326,"runningAverage":-169.538635,"value":-330.331726,"weightedAverage":-348.029663}},"metadata":{"timer_format_version":"0.1.0","start_time_seconds":"1635791396","unity_version":"2020.3.20f1","command_line_arguments":"C:\\Program Files\\Unity\\Hub\\Editor\\2020.3.20f1\\Editor\\Unity.exe -projectpath C:\\Users\\Rishabh Thakkar\\HierachicalKarting -useHub -hubIPC -cloudEnvironment production -licensingIpc LicenseClient-R8qpRbhKhGIZZZ04sxatu -hubSessionId df5da7f0-376e-11ec-9866-59c470d0255e -accessToken OmiiiWxSG0az2dy3IfTqAhYCtB-hwLVLwkXEgsInWY4012f","communication_protocol_version":"1.5.0","com.unity.ml-agents_version":"2.0.0","scene_name":"HierarchicalAI_Training","end_time_seconds":"1635799593"}}