{"count":1,"self":1354.8484607999999,"total":3560.7479921,"children":{"InitializeActuators":{"count":5161,"self":0.10709669999999999,"total":0.10709669999999999,"children":null},"InitializeSensors":{"count":5161,"self":0.13912839999999999,"total":0.13912839999999999,"children":null},"AgentSendState":{"count":2860667,"self":5.1155919999999995,"total":33.5125653,"children":{"CollectObservations":{"count":572134,"self":15.17696,"total":15.1769605,"children":null},"WriteActionMask":{"count":572134,"self":0.34388029999999997,"total":0.34388029999999997,"children":null},"RequestDecision":{"count":572134,"self":1.8015048,"total":12.8761326,"children":{"AgentInfo.ToProto":{"count":572134,"self":1.8143623999999998,"total":11.0746278,"children":{"GenerateSensorData":{"count":572134,"self":9.2602656,"total":9.2602654,"children":null}}}}}}},"DecideAction":{"count":2860667,"self":2164.1959423999997,"total":2164.1958467,"children":null},"AgentAct":{"count":2860667,"self":7.8489232,"total":7.8489236,"children":null},"AgentInfo.ToProto":{"count":5160,"self":0.0170007,"total":0.0950118,"children":{"GenerateSensorData":{"count":5160,"self":0.0780111,"total":0.0780111,"children":null}}}},"gauges":{},"metadata":{"timer_format_version":"0.1.0","start_time_seconds":"1635268137","unity_version":"2020.3.20f1","command_line_arguments":"C:\\Program Files\\Unity\\Hub\\Editor\\2020.3.20f1\\Editor\\Unity.exe -projectpath C:\\Users\\Rishabh Thakkar\\HierachicalKarting -useHub -hubIPC -cloudEnvironment production -licensingIpc LicenseClient-Rishabh Thakkar -hubSessionId 66602660-3035-11ec-a2a6-b92e9748a2e3 -accessToken Wdg_R2svuLR9dcMioqOJ5ygASxdP01YcuSUlRK3ErTg012f","communication_protocol_version":"1.5.0","com.unity.ml-agents_version":"2.0.0","scene_name":"HierarchicalAI_Training","end_time_seconds":"1635271697"}}