{"count":1,"self":17815.6601344,"total":27446.411236,"children":{"InitializeActuators":{"count":13,"self":0.0010002,"total":0.0010002,"children":null},"InitializeSensors":{"count":13,"self":0.0020008,"total":0.0020008,"children":null},"AgentSendState":{"count":915359,"self":36.7592928,"total":645.8997832,"children":{"CollectObservations":{"count":10984241,"self":406.24099839999997,"total":406.2410089,"children":null},"WriteActionMask":{"count":10984241,"self":8.2401304,"total":8.2401307,"children":null},"RequestDecision":{"count":10984241,"self":23.720792,"total":194.6593494,"children":{"AgentInfo.ToProto":{"count":10984241,"self":20.497033599999998,"total":170.9385581,"children":{"GenerateSensorData":{"count":10984241,"self":150.4415232,"total":150.4415239,"children":null}}}}}}},"DecideAction":{"count":915359,"self":8955.5099648,"total":8955.5102921,"children":null},"AgentAct":{"count":915359,"self":29.1072928,"total":29.1072943,"children":null},"AgentInfo.ToProto":{"count":10992,"self":0.046001799999999995,"total":0.2300476,"children":{"GenerateSensorData":{"count":10992,"self":0.18404579999999998,"total":0.18404579999999998,"children":null}}}},"gauges":{"HierarchicalAgent.CumulativeReward":{"count":10991,"max":22138.0176,"min":-13968.5068,"runningAverage":-1513.62866,"value":-1171.32947,"weightedAverage":-1253.37512}},"metadata":{"timer_format_version":"0.1.0","start_time_seconds":"1636349387","unity_version":"2020.3.20f1","command_line_arguments":"C:\\Program Files\\Unity\\Hub\\Editor\\2020.3.20f1\\Editor\\Unity.exe -projectpath C:\\Users\\Rishabh Thakkar\\HierachicalKarting -useHub -hubIPC -cloudEnvironment production -licensingIpc LicenseClient-R8qpRbhKhGIZZZ04sxatu -hubSessionId df5da7f0-376e-11ec-9866-59c470d0255e -accessToken OwPnhj009kZFrR6KYj7tJ0HItn3TQshN2YDKKeKio_8012f","communication_protocol_version":"1.5.0","com.unity.ml-agents_version":"2.0.0","scene_name":"HierarchicalAI_Training","end_time_seconds":"1636376833"}}