{"count":1,"self":110.792704,"total":181.6460305,"children":{"InitializeActuators":{"count":12,"self":0.0030012999999999997,"total":0.0030012999999999997,"children":null},"InitializeSensors":{"count":12,"self":0.0010003,"total":0.0010003,"children":null},"AgentSendState":{"count":6917,"self":0.1858525,"total":3.616329,"children":{"CollectObservations":{"count":83004,"self":2.2672963999999998,"total":2.2672965,"children":null},"WriteActionMask":{"count":83004,"self":0.038981499999999995,"total":0.038981499999999995,"children":null},"RequestDecision":{"count":83004,"self":0.1468864,"total":1.1241984999999999,"children":{"AgentInfo.ToProto":{"count":83004,"self":0.11691069999999999,"total":0.97731209999999991,"children":{"GenerateSensorData":{"count":83004,"self":0.8604014,"total":0.8604014,"children":null}}}}}}},"DecideAction":{"count":6917,"self":67.0497408,"total":67.0497402,"children":null},"AgentAct":{"count":6917,"self":0.1822588,"total":0.1822588,"children":null},"AgentInfo.ToProto":{"count":36,"self":0,"total":0.00099969999999999985,"children":{"GenerateSensorData":{"count":36,"self":0.00099969999999999985,"total":0.00099969999999999985,"children":null}}}},"gauges":{"HierarchicalAgent.CumulativeReward":{"count":36,"max":152.754669,"min":-3094.49341,"runningAverage":-696.522034,"value":-3094.49341,"weightedAverage":-2321.82642}},"metadata":{"timer_format_version":"0.1.0","start_time_seconds":"1636238470","unity_version":"2020.3.20f1","command_line_arguments":"C:\\Program Files\\Unity\\Hub\\Editor\\2020.3.20f1\\Editor\\Unity.exe -projectpath C:\\Users\\Rishabh Thakkar\\HierachicalKarting -useHub -hubIPC -cloudEnvironment production -licensingIpc LicenseClient-R8qpRbhKhGIZZZ04sxatu -hubSessionId df5da7f0-376e-11ec-9866-59c470d0255e -accessToken OwPnhj009kZFrR6KYj7tJ0HItn3TQshN2YDKKeKio_8012f","communication_protocol_version":"1.5.0","com.unity.ml-agents_version":"2.0.0","scene_name":"HierarchicalAI_Training","end_time_seconds":"1636238652"}}