{"count":1,"self":2176.1736704,"total":13115.11437,"children":{"InitializeActuators":{"count":24,"self":0.004999,"total":0.004999,"children":null},"InitializeSensors":{"count":24,"self":0.0049986,"total":0.0049986,"children":null},"AgentSendState":{"count":840667,"self":39.747510399999996,"total":617.69710309999994,"children":{"CollectObservations":{"count":10087030,"self":302.9074432,"total":302.9074453,"children":null},"WriteActionMask":{"count":10087030,"self":7.8163784,"total":7.8163781,"children":null},"RequestDecision":{"count":10087030,"self":24.174289599999998,"total":267.2257702,"children":{"AgentInfo.ToProto":{"count":10087030,"self":35.0307616,"total":243.0514805,"children":{"GenerateSensorData":{"count":10087030,"self":208.0207232,"total":208.02071899999999,"children":null}}}}}}},"DecideAction":{"count":840667,"self":10283.036672,"total":10283.036934099999,"children":null},"AgentAct":{"count":840667,"self":37.998751999999996,"total":37.998753199999996,"children":null},"AgentInfo.ToProto":{"count":10092,"self":0.0219929,"total":0.19698369999999998,"children":{"GenerateSensorData":{"count":10092,"self":0.1749908,"total":0.1749908,"children":null}}}},"gauges":{"HierarchicalAgent.CumulativeReward":{"count":10080,"max":32064.8711,"min":-53956.09,"runningAverage":-1395.99268,"value":-909.350342,"weightedAverage":-941.980347}},"metadata":{"timer_format_version":"0.1.0","start_time_seconds":"1636489119","unity_version":"2020.3.20f1","command_line_arguments":"C:\\Program Files\\Unity\\Hub\\Editor\\2020.3.20f1\\Editor\\Unity.exe -projectpath C:\\Users\\Rishabh Thakkar\\HierachicalKarting -useHub -hubIPC -cloudEnvironment production -licensingIpc LicenseClient-R8qpRbhKhGIZZZ04sxatu -hubSessionId df5da7f0-376e-11ec-9866-59c470d0255e -accessToken dlxiOLvSZq9_XvDzWuvkLAQ3pDN6CEPBA2DnmwrNfGk012f","communication_protocol_version":"1.5.0","com.unity.ml-agents_version":"2.0.0","scene_name":"HierarchicalAI_Training","end_time_seconds":"1636502234"}}