{"count":1,"self":1030.265344,"total":5267.4527011,"children":{"InitializeActuators":{"count":6628,"self":0.11387749999999999,"total":0.11387749999999999,"children":null},"InitializeSensors":{"count":6628,"self":0.14990989999999998,"total":0.14990989999999998,"children":null},"AgentSendState":{"count":642534,"self":10.90156,"total":163.64053959999998,"children":{"CollectObservations":{"count":3524016,"self":86.893964799999992,"total":86.8939671,"children":null},"WriteActionMask":{"count":3524016,"self":2.0656894,"total":2.0656894,"children":null},"RequestDecision":{"count":3524016,"self":6.6412983999999993,"total":63.779322799999996,"children":{"AgentInfo.ToProto":{"count":3524016,"self":6.5204064,"total":57.1380243,"children":{"GenerateSensorData":{"count":3524016,"self":50.6176192,"total":50.617618,"children":null}}}}}}},"DecideAction":{"count":642534,"self":4055.3852927999997,"total":4055.3852174999997,"children":null},"AgentAct":{"count":642534,"self":17.6578224,"total":17.6578229,"children":null},"AgentInfo.ToProto":{"count":8206,"self":0.036995099999999996,"total":0.2389374,"children":{"GenerateSensorData":{"count":8206,"self":0.2019423,"total":0.2019423,"children":null}}}},"gauges":{"HierarchicalAgent.CumulativeReward":{"count":1588,"max":1956.29883,"min":-18976.2656,"runningAverage":-1746.03992,"value":-3808.14478,"weightedAverage":-594.922668}},"metadata":{"timer_format_version":"0.1.0","start_time_seconds":"1638468152","unity_version":"2020.3.20f1","command_line_arguments":"C:\\Program Files\\Unity\\Hub\\Editor\\2020.3.20f1\\Editor\\Unity.exe -projectpath C:\\Users\\Rishabh Thakkar\\HierachicalKarting -useHub -hubIPC -cloudEnvironment production -licensingIpc LicenseClient-fQtBlcbXTf1t2TYtNa3kM -hubSessionId a387cb50-4ba7-11ec-8a2d-571798bdf90b -accessToken YWqWy3GP-iblpYRYCSnjF2YpFno34NL4BABENV22Si0012f","communication_protocol_version":"1.5.0","com.unity.ml-agents_version":"2.0.1","scene_name":"HierarchicalAI_Training","end_time_seconds":"1638473419"}}