{"count":1,"self":48.782204799999995,"total":122.10202009999999,"children":{"InitializeActuators":{"count":44,"self":0.0010008999999999999,"total":0.0010008999999999999,"children":null},"InitializeSensors":{"count":44,"self":0.0029998,"total":0.0029998,"children":null},"AgentSendState":{"count":44534,"self":0.2240096,"total":2.9857174,"children":{"CollectObservations":{"count":65347,"self":1.8224551999999998,"total":1.8224553,"children":null},"WriteActionMask":{"count":65347,"self":0.031004999999999998,"total":0.031004999999999998,"children":null},"RequestDecision":{"count":65347,"self":0.12204309999999999,"total":0.9082475,"children":{"AgentInfo.ToProto":{"count":65347,"self":0.1070293,"total":0.78620439999999991,"children":{"GenerateSensorData":{"count":65347,"self":0.67917509999999992,"total":0.67917509999999992,"children":null}}}}}}},"DecideAction":{"count":44534,"self":69.7040512,"total":69.7040507,"children":null},"AgentAct":{"count":44534,"self":0.62304799999999994,"total":0.62304799999999994,"children":null},"AgentInfo.ToProto":{"count":125,"self":0.0010007,"total":0.0020007,"children":{"GenerateSensorData":{"count":125,"self":0.001,"total":0.001,"children":null}}}},"gauges":{"HierarchicalAgent.CumulativeReward":{"count":88,"max":18.9311333,"min":-479.6397,"runningAverage":-4.47018242,"value":9.356726,"weightedAverage":-1.4920702}},"metadata":{"timer_format_version":"0.1.0","start_time_seconds":"1635302692","unity_version":"2020.3.20f1","command_line_arguments":"C:\\Program Files\\Unity\\Hub\\Editor\\2020.3.20f1\\Editor\\Unity.exe -projectpath C:\\Users\\Rishabh Thakkar\\HierachicalKarting -useHub -hubIPC -cloudEnvironment production -licensingIpc LicenseClient-Rishabh Thakkar -hubSessionId 95293f70-36bd-11ec-8a46-d14f852fda23 -accessToken ElNSqWm7d6sDT-d2afPIltu8bjZWIt4MtgcktpQzxAg012f","communication_protocol_version":"1.5.0","com.unity.ml-agents_version":"2.0.0","scene_name":"HierarchicalAI_Training","end_time_seconds":"1635302814"}}